Workbook

Sheet Comece aqui
B2: Escada da Ausência
B3: Planilha do guia Volto Já · Método Saída Invisível · Simbas Pet
B5: 1. Teste da Chave | C5: Na aba Camada 1, anote as 5 tentativas do Teste da Chave. A planilha diz por onde começar.
B6: 2. Treino dos sinais | C6: Ainda na aba Camada 1, registre um dia por linha: o exercício, as repetições e a nota média do dia.
B7: 3. Sessões da Escada | C7: Na aba Registro, uma linha por sessão: data, degrau, nota e uma observação se quiser.
B8: 4. Siga a sugestão | C8: A coluna "O que fazer na próxima sessão" aplica as regras do guia: 3 sessões calmas para subir, nota 2 desce um degrau, nota 3 desce dois.
B9: 5. Olhe o progresso | C9: Uma vez por semana, abra a aba Progresso. O degrau médio subindo é o sinal de que está funcionando.
B11: Legenda
B12: Célula creme | C12: Você preenche.
B13: Célula branca | C13: Calculada automaticamente. Não precisa mexer.
B15: Escala de Reação
B16: 0 · Tranquilo | C16: Continua deitado, ou olha e volta a descansar
B17: 1 · Atento | C17: Levanta, olha a porta, mas se acalma sozinho
B18: 2 · Preocupado | C18: Anda, lambe os lábios, boceja, choraminga baixo
B19: 3 · Pânico | C19: Late, uiva, arranha a porta, baba, tenta sair
B21: Exemplo de sessão preenchida
B22: Data | C22: 05/10/2026
B23: Degrau | C23: 4
B24: Nota | C24: 0
B25: Observação | C25: Ficou deitado o tempo todo
B26: Tempo fora (automático) | C26: 30 segundos
B27: O que fazer (automático) | C27: Repita o degrau 4 até 3 sessões calmas seguidas
B29: Sinais de alerta
B30: Se o cão se machucar, não comer nada sozinho ou o problema tiver começado de repente, procure um veterinário antes de continuar o treino.

Sheet Registro
A1: Registro das sessões da Escada
A2: Preencha só as colunas em creme: Data, Degrau, Nota e Observação. O resto é automático.
A4: Nº | B4: Data | C4: Degrau (1 a 20) | D4: Tempo fora | E4: Nota (0 a 3) | F4: Observação | G4: Semana | H4: Próximo degrau | I4: O que fazer na próxima sessão
A5: =IF(B5="","",ROW()-4) | D5: =IF(C5="","",INDEX(Degraus!$B$5:$B$24,C5)) | G5: =IF(B5="","",INT((B5-MIN($B$5:$B$304))/7)+1) | H5: =IF(OR(C5="",E5=""),"",IF(E5=3,MAX(1,C5-2),IF(E5=2,MAX(1,C5-1),IF(FALSE(),MIN(20,C5+1),C5)))) | I5: =IF(H5="","",IF(H5>C5,"Suba para o degrau "&H5&" ("&INDEX(Degraus!$B$5:$B$24,H5)&")",IF(H5<C5,"Desça para o degrau "&H5&" ("&INDEX(Degraus!$B$5:$B$24,H5)&")","Repita o degrau "&C5&" até 3 sessões calmas seguidas")))
A6: =IF(B6="","",ROW()-4) | D6: =IF(C6="","",INDEX(Degraus!$B$5:$B$24,C6)) | G6: =IF(B6="","",INT((B6-MIN($B$5:$B$304))/7)+1) | H6: =IF(OR(C6="",E6=""),"",IF(E6=3,MAX(1,C6-2),IF(E6=2,MAX(1,C6-1),IF(FALSE(),MIN(20,C6+1),C6)))) | I6: =IF(H6="","",IF(H6>C6,"Suba para o degrau "&H6&" ("&INDEX(Degraus!$B$5:$B$24,H6)&")",IF(H6<C6,"Desça para o degrau "&H6&" ("&INDEX(Degraus!$B$5:$B$24,H6)&")","Repita o degrau "&C6&" até 3 sessões calmas seguidas")))
A7: =IF(B7="","",ROW()-4) | D7: =IF(C7="","",INDEX(Degraus!$B$5:$B$24,C7)) | G7: =IF(B7="","",INT((B7-MIN($B$5:$B$304))/7)+1) | H7: =IF(OR(C7="",E7=""),"",IF(E7=3,MAX(1,C7-2),IF(E7=2,MAX(1,C7-1),IF(AND(C6=C7,C5=C7,E6<>"",E5<>"",E6<=1,E5<=1),MIN(20,C7+1),C7)))) | I7: =IF(H7="","",IF(H7>C7,"Suba para o degrau "&H7&" ("&INDEX(Degraus!$B$5:$B$24,H7)&")",IF(H7<C7,"Desça para o degrau "&H7&" ("&INDEX(Degraus!$B$5:$B$24,H7)&")","Repita o degrau "&C7&" até 3 sessões calmas seguidas")))
A8: =IF(B8="","",ROW()-4) | D8: =IF(C8="","",INDEX(Degraus!$B$5:$B$24,C8)) | G8: =IF(B8="","",INT((B8-MIN($B$5:$B$304))/7)+1) | H8: =IF(OR(C8="",E8=""),"",IF(E8=3,MAX(1,C8-2),IF(E8=2,MAX(1,C8-1),IF(AND(C7=C8,C6=C8,E7<>"",E6<>"",E7<=1,E6<=1),MIN(20,C8+1),C8)))) | I8: =IF(H8="","",IF(H8>C8,"Suba para o degrau "&H8&" ("&INDEX(Degraus!$B$5:$B$24,H8)&")",IF(H8<C8,"Desça para o degrau "&H8&" ("&INDEX(Degraus!$B$5:$B$24,H8)&")","Repita o degrau "&C8&" até 3 sessões calmas seguidas")))
A9: =IF(B9="","",ROW()-4) | D9: =IF(C9="","",INDEX(Degraus!$B$5:$B$24,C9)) | G9: =IF(B9="","",INT((B9-MIN($B$5:$B$304))/7)+1) | H9: =IF(OR(C9="",E9=""),"",IF(E9=3,MAX(1,C9-2),IF(E9=2,MAX(1,C9-1),IF(AND(C8=C9,C7=C9,E8<>"",E7<>"",E8<=1,E7<=1),MIN(20,C9+1),C9)))) | I9: =IF(H9="","",IF(H9>C9,"Suba para o degrau "&H9&" ("&INDEX(Degraus!$B$5:$B$24,H9)&")",IF(H9<C9,"Desça para o degrau "&H9&" ("&INDEX(Degraus!$B$5:$B$24,H9)&")","Repita o degrau "&C9&" até 3 sessões calmas seguidas")))
A10: =IF(B10="","",ROW()-4) | D10: =IF(C10="","",INDEX(Degraus!$B$5:$B$24,C10)) | G10: =IF(B10="","",INT((B10-MIN($B$5:$B$304))/7)+1) | H10: =IF(OR(C10="",E10=""),"",IF(E10=3,MAX(1,C10-2),IF(E10=2,MAX(1,C10-1),IF(AND(C9=C10,C8=C10,E9<>"",E8<>"",E9<=1,E8<=1),MIN(20,C10+1),C10)))) | I10: =IF(H10="","",IF(H10>C10,"Suba para o degrau "&H10&" ("&INDEX(Degraus!$B$5:$B$24,H10)&")",IF(H10<C10,"Desça para o degrau "&H10&" ("&INDEX(Degraus!$B$5:$B$24,H10)&")","Repita o degrau "&C10&" até 3 sessões calmas seguidas")))
A11: =IF(B11="","",ROW()-4) | D11: =IF(C11="","",INDEX(Degraus!$B$5:$B$24,C11)) | G11: =IF(B11="","",INT((B11-MIN($B$5:$B$304))/7)+1) | H11: =IF(OR(C11="",E11=""),"",IF(E11=3,MAX(1,C11-2),IF(E11=2,MAX(1,C11-1),IF(AND(C10=C11,C9=C11,E10<>"",E9<>"",E10<=1,E9<=1),MIN(20,C11+1),C11)))) | I11: =IF(H11="","",IF(H11>C11,"Suba para o degrau "&H11&" ("&INDEX(Degraus!$B$5:$B$24,H11)&")",IF(H11<C11,"Desça para o degrau "&H11&" ("&INDEX(Degraus!$B$5:$B$24,H11)&")","Repita o degrau "&C11&" até 3 sessões calmas seguidas")))
A12: =IF(B12="","",ROW()-4) | D12: =IF(C12="","",INDEX(Degraus!$B$5:$B$24,C12)) | G12: =IF(B12="","",INT((B12-MIN($B$5:$B$304))/7)+1) | H12: =IF(OR(C12="",E12=""),"",IF(E12=3,MAX(1,C12-2),IF(E12=2,MAX(1,C12-1),IF(AND(C11=C12,C10=C12,E11<>"",E10<>"",E11<=1,E10<=1),MIN(20,C12+1),C12)))) | I12: =IF(H12="","",IF(H12>C12,"Suba para o degrau "&H12&" ("&INDEX(Degraus!$B$5:$B$24,H12)&")",IF(H12<C12,"Desça para o degrau "&H12&" ("&INDEX(Degraus!$B$5:$B$24,H12)&")","Repita o degrau "&C12&" até 3 sessões calmas seguidas")))
A13: =IF(B13="","",ROW()-4) | D13: =IF(C13="","",INDEX(Degraus!$B$5:$B$24,C13)) | G13: =IF(B13="","",INT((B13-MIN($B$5:$B$304))/7)+1) | H13: =IF(OR(C13="",E13=""),"",IF(E13=3,MAX(1,C13-2),IF(E13=2,MAX(1,C13-1),IF(AND(C12=C13,C11=C13,E12<>"",E11<>"",E12<=1,E11<=1),MIN(20,C13+1),C13)))) | I13: =IF(H13="","",IF(H13>C13,"Suba para o degrau "&H13&" ("&INDEX(Degraus!$B$5:$B$24,H13)&")",IF(H13<C13,"Desça para o degrau "&H13&" ("&INDEX(Degraus!$B$5:$B$24,H13)&")","Repita o degrau "&C13&" até 3 sessões calmas seguidas")))
A14: =IF(B14="","",ROW()-4) | D14: =IF(C14="","",INDEX(Degraus!$B$5:$B$24,C14)) | G14: =IF(B14="","",INT((B14-MIN($B$5:$B$304))/7)+1) | H14: =IF(OR(C14="",E14=""),"",IF(E14=3,MAX(1,C14-2),IF(E14=2,MAX(1,C14-1),IF(AND(C13=C14,C12=C14,E13<>"",E12<>"",E13<=1,E12<=1),MIN(20,C14+1),C14)))) | I14: =IF(H14="","",IF(H14>C14,"Suba para o degrau "&H14&" ("&INDEX(Degraus!$B$5:$B$24,H14)&")",IF(H14<C14,"Desça para o degrau "&H14&" ("&INDEX(Degraus!$B$5:$B$24,H14)&")","Repita o degrau "&C14&" até 3 sessões calmas seguidas")))
A15: =IF(B15="","",ROW()-4) | D15: =IF(C15="","",INDEX(Degraus!$B$5:$B$24,C15)) | G15: =IF(B15="","",INT((B15-MIN($B$5:$B$304))/7)+1) | H15: =IF(OR(C15="",E15=""),"",IF(E15=3,MAX(1,C15-2),IF(E15=2,MAX(1,C15-1),IF(AND(C14=C15,C13=C15,E14<>"",E13<>"",E14<=1,E13<=1),MIN(20,C15+1),C15)))) | I15: =IF(H15="","",IF(H15>C15,"Suba para o degrau "&H15&" ("&INDEX(Degraus!$B$5:$B$24,H15)&")",IF(H15<C15,"Desça para o degrau "&H15&" ("&INDEX(Degraus!$B$5:$B$24,H15)&")","Repita o degrau "&C15&" até 3 sessões calmas seguidas")))
A16: =IF(B16="","",ROW()-4) | D16: =IF(C16="","",INDEX(Degraus!$B$5:$B$24,C16)) | G16: =IF(B16="","",INT((B16-MIN($B$5:$B$304))/7)+1) | H16: =IF(OR(C16="",E16=""),"",IF(E16=3,MAX(1,C16-2),IF(E16=2,MAX(1,C16-1),IF(AND(C15=C16,C14=C16,E15<>"",E14<>"",E15<=1,E14<=1),MIN(20,C16+1),C16)))) | I16: =IF(H16="","",IF(H16>C16,"Suba para o degrau "&H16&" ("&INDEX(Degraus!$B$5:$B$24,H16)&")",IF(H16<C16,"Desça para o degrau "&H16&" ("&INDEX(Degraus!$B$5:$B$24,H16)&")","Repita o degrau "&C16&" até 3 sessões calmas seguidas")))
A17: =IF(B17="","",ROW()-4) | D17: =IF(C17="","",INDEX(Degraus!$B$5:$B$24,C17)) | G17: =IF(B17="","",INT((B17-MIN($B$5:$B$304))/7)+1) | H17: =IF(OR(C17="",E17=""),"",IF(E17=3,MAX(1,C17-2),IF(E17=2,MAX(1,C17-1),IF(AND(C16=C17,C15=C17,E16<>"",E15<>"",E16<=1,E15<=1),MIN(20,C17+1),C17)))) | I17: =IF(H17="","",IF(H17>C17,"Suba para o degrau "&H17&" ("&INDEX(Degraus!$B$5:$B$24,H17)&")",IF(H17<C17,"Desça para o degrau "&H17&" ("&INDEX(Degraus!$B$5:$B$24,H17)&")","Repita o degrau "&C17&" até 3 sessões calmas seguidas")))
A18: =IF(B18="","",ROW()-4) | D18: =IF(C18="","",INDEX(Degraus!$B$5:$B$24,C18)) | G18: =IF(B18="","",INT((B18-MIN($B$5:$B$304))/7)+1) | H18: =IF(OR(C18="",E18=""),"",IF(E18=3,MAX(1,C18-2),IF(E18=2,MAX(1,C18-1),IF(AND(C17=C18,C16=C18,E17<>"",E16<>"",E17<=1,E16<=1),MIN(20,C18+1),C18)))) | I18: =IF(H18="","",IF(H18>C18,"Suba para o degrau "&H18&" ("&INDEX(Degraus!$B$5:$B$24,H18)&")",IF(H18<C18,"Desça para o degrau "&H18&" ("&INDEX(Degraus!$B$5:$B$24,H18)&")","Repita o degrau "&C18&" até 3 sessões calmas seguidas")))
... A304: =IF(B304="","",ROW()-4) | D304: =IF(C304="","",INDEX(Degraus!$B$5:$B$24,C304)) | G304: =IF(B304="","",INT((B304-MIN($B$5:$B$304))/7)+1) | H304: =IF(OR(C304="",E304=""),"",IF(E304=3,MAX(1,C304-2),IF(E304=2,MAX(1,C304-1),IF(AND(C303=C304,C302=C304,E303<>"",E302<>"",E303<=1,E302<=1),MIN(20,C304+1),C304)))) | I304: =IF(H304="","",IF(H304>C304,"Suba para o degrau "&H304&" ("&INDEX(Degraus!$B$5:$B$24,H304)&")",IF(H304<C304,"Desça para o degrau "&H304&" ("&INDEX(Degraus!$B$5:$B$24,H304)&")","Repita o degrau "&C304&" até 3 sessões calmas seguidas")))

Sheet Progresso
A1: Seu progresso
A2: Tudo aqui é automático. Olhe esta aba uma vez por semana, não a cada sessão.
A4: Sessões registradas | B4: =COUNT(Registro!$C$5:$C$304) -> 0
A5: Degrau atual | B5: =IF(COUNT(Registro!$C$5:$C$304)=0,"",INDEX(Registro!$C$5:$C$304,MATCH(9.99E+307,Registro!$C$5:$C$304)))
A6: Próximo degrau sugerido | B6: =IF(COUNT(Registro!$C$5:$C$304)=0,"",INDEX(Registro!$H$5:$H$304,MATCH(9.99E+307,Registro!$C$5:$C$304)))
A7: Maior degrau com nota 0 | B7: =IF(COUNTIF(Registro!$E$5:$E$304,0)=0,"",_xlfn.MAXIFS(Registro!$C$5:$C$304,Registro!$E$5:$E$304,0))
A8: Maior ausência calma | B8: =IF(B7="","",INDEX(Degraus!$B$5:$B$24,B7))
A11: Semana | B11: Sessões | C11: Degrau médio | D11: Maior degrau com nota 0 ou 1 | E11: % de sessões calmas (0 ou 1) | F11: Nota média
A12: 1 | B12: =COUNTIF(Registro!$G$5:$G$304,A12) -> 0 | C12: =IF(B12=0,"",AVERAGEIF(Registro!$G$5:$G$304,A12,Registro!$C$5:$C$304)) | D12: =IF(B12=0,"",_xlfn.MAXIFS(Registro!$C$5:$C$304,Registro!$G$5:$G$304,A12,Registro!$E$5:$E$304,"<=1")) | E12: =IF(B12=0,"",COUNTIFS(Registro!$G$5:$G$304,A12,Registro!$E$5:$E$304,"<=1")/B12) | F12: =IF(B12=0,"",AVERAGEIF(Registro!$G$5:$G$304,A12,Registro!$E$5:$E$304))
A13: 2 | B13: =COUNTIF(Registro!$G$5:$G$304,A13) -> 0 | C13: =IF(B13=0,"",AVERAGEIF(Registro!$G$5:$G$304,A13,Registro!$C$5:$C$304)) | D13: =IF(B13=0,"",_xlfn.MAXIFS(Registro!$C$5:$C$304,Registro!$G$5:$G$304,A13,Registro!$E$5:$E$304,"<=1")) | E13: =IF(B13=0,"",COUNTIFS(Registro!$G$5:$G$304,A13,Registro!$E$5:$E$304,"<=1")/B13) | F13: =IF(B13=0,"",AVERAGEIF(Registro!$G$5:$G$304,A13,Registro!$E$5:$E$304))
A14: 3 | B14: =COUNTIF(Registro!$G$5:$G$304,A14) -> 0 | C14: =IF(B14=0,"",AVERAGEIF(Registro!$G$5:$G$304,A14,Registro!$C$5:$C$304)) | D14: =IF(B14=0,"",_xlfn.MAXIFS(Registro!$C$5:$C$304,Registro!$G$5:$G$304,A14,Registro!$E$5:$E$304,"<=1")) | E14: =IF(B14=0,"",COUNTIFS(Registro!$G$5:$G$304,A14,Registro!$E$5:$E$304,"<=1")/B14) | F14: =IF(B14=0,"",AVERAGEIF(Registro!$G$5:$G$304,A14,Registro!$E$5:$E$304))
A15: 4 | B15: =COUNTIF(Registro!$G$5:$G$304,A15) -> 0 | C15: =IF(B15=0,"",AVERAGEIF(Registro!$G$5:$G$304,A15,Registro!$C$5:$C$304)) | D15: =IF(B15=0,"",_xlfn.MAXIFS(Registro!$C$5:$C$304,Registro!$G$5:$G$304,A15,Registro!$E$5:$E$304,"<=1")) | E15: =IF(B15=0,"",COUNTIFS(Registro!$G$5:$G$304,A15,Registro!$E$5:$E$304,"<=1")/B15) | F15: =IF(B15=0,"",AVERAGEIF(Registro!$G$5:$G$304,A15,Registro!$E$5:$E$304))
A16: 5 | B16: =COUNTIF(Registro!$G$5:$G$304,A16) -> 0 | C16: =IF(B16=0,"",AVERAGEIF(Registro!$G$5:$G$304,A16,Registro!$C$5:$C$304)) | D16: =IF(B16=0,"",_xlfn.MAXIFS(Registro!$C$5:$C$304,Registro!$G$5:$G$304,A16,Registro!$E$5:$E$304,"<=1")) | E16: =IF(B16=0,"",COUNTIFS(Registro!$G$5:$G$304,A16,Registro!$E$5:$E$304,"<=1")/B16) | F16: =IF(B16=0,"",AVERAGEIF(Registro!$G$5:$G$304,A16,Registro!$E$5:$E$304))
A17: 6 | B17: =COUNTIF(Registro!$G$5:$G$304,A17) -> 0 | C17: =IF(B17=0,"",AVERAGEIF(Registro!$G$5:$G$304,A17,Registro!$C$5:$C$304)) | D17: =IF(B17=0,"",_xlfn.MAXIFS(Registro!$C$5:$C$304,Registro!$G$5:$G$304,A17,Registro!$E$5:$E$304,"<=1")) | E17: =IF(B17=0,"",COUNTIFS(Registro!$G$5:$G$304,A17,Registro!$E$5:$E$304,"<=1")/B17) | F17: =IF(B17=0,"",AVERAGEIF(Registro!$G$5:$G$304,A17,Registro!$E$5:$E$304))
A18: 7 | B18: =COUNTIF(Registro!$G$5:$G$304,A18) -> 0 | C18: =IF(B18=0,"",AVERAGEIF(Registro!$G$5:$G$304,A18,Registro!$C$5:$C$304)) | D18: =IF(B18=0,"",_xlfn.MAXIFS(Registro!$C$5:$C$304,Registro!$G$5:$G$304,A18,Registro!$E$5:$E$304,"<=1")) | E18: =IF(B18=0,"",COUNTIFS(Registro!$G$5:$G$304,A18,Registro!$E$5:$E$304,"<=1")/B18) | F18: =IF(B18=0,"",AVERAGEIF(Registro!$G$5:$G$304,A18,Registro!$E$5:$E$304))
A19: 8 | B19: =COUNTIF(Registro!$G$5:$G$304,A19) -> 0 | C19: =IF(B19=0,"",AVERAGEIF(Registro!$G$5:$G$304,A19,Registro!$C$5:$C$304)) | D19: =IF(B19=0,"",_xlfn.MAXIFS(Registro!$C$5:$C$304,Registro!$G$5:$G$304,A19,Registro!$E$5:$E$304,"<=1")) | E19: =IF(B19=0,"",COUNTIFS(Registro!$G$5:$G$304,A19,Registro!$E$5:$E$304,"<=1")/B19) | F19: =IF(B19=0,"",AVERAGEIF(Registro!$G$5:$G$304,A19,Registro!$E$5:$E$304))
A20: 9 | B20: =COUNTIF(Registro!$G$5:$G$304,A20) -> 0 | C20: =IF(B20=0,"",AVERAGEIF(Registro!$G$5:$G$304,A20,Registro!$C$5:$C$304)) | D20: =IF(B20=0,"",_xlfn.MAXIFS(Registro!$C$5:$C$304,Registro!$G$5:$G$304,A20,Registro!$E$5:$E$304,"<=1")) | E20: =IF(B20=0,"",COUNTIFS(Registro!$G$5:$G$304,A20,Registro!$E$5:$E$304,"<=1")/B20) | F20: =IF(B20=0,"",AVERAGEIF(Registro!$G$5:$G$304,A20,Registro!$E$5:$E$304))
A21: 10 | B21: =COUNTIF(Registro!$G$5:$G$304,A21) -> 0 | C21: =IF(B21=0,"",AVERAGEIF(Registro!$G$5:$G$304,A21,Registro!$C$5:$C$304)) | D21: =IF(B21=0,"",_xlfn.MAXIFS(Registro!$C$5:$C$304,Registro!$G$5:$G$304,A21,Registro!$E$5:$E$304,"<=1")) | E21: =IF(B21=0,"",COUNTIFS(Registro!$G$5:$G$304,A21,Registro!$E$5:$E$304,"<=1")/B21) | F21: =IF(B21=0,"",AVERAGEIF(Registro!$G$5:$G$304,A21,Registro!$E$5:$E$304))
A22: 11 | B22: =COUNTIF(Registro!$G$5:$G$304,A22) -> 0 | C22: =IF(B22=0,"",AVERAGEIF(Registro!$G$5:$G$304,A22,Registro!$C$5:$C$304)) | D22: =IF(B22=0,"",_xlfn.MAXIFS(Registro!$C$5:$C$304,Registro!$G$5:$G$304,A22,Registro!$E$5:$E$304,"<=1")) | E22: =IF(B22=0,"",COUNTIFS(Registro!$G$5:$G$304,A22,Registro!$E$5:$E$304,"<=1")/B22) | F22: =IF(B22=0,"",AVERAGEIF(Registro!$G$5:$G$304,A22,Registro!$E$5:$E$304))
A23: 12 | B23: =COUNTIF(Registro!$G$5:$G$304,A23) -> 0 | C23: =IF(B23=0,"",AVERAGEIF(Registro!$G$5:$G$304,A23,Registro!$C$5:$C$304)) | D23: =IF(B23=0,"",_xlfn.MAXIFS(Registro!$C$5:$C$304,Registro!$G$5:$G$304,A23,Registro!$E$5:$E$304,"<=1")) | E23: =IF(B23=0,"",COUNTIFS(Registro!$G$5:$G$304,A23,Registro!$E$5:$E$304,"<=1")/B23) | F23: =IF(B23=0,"",AVERAGEIF(Registro!$G$5:$G$304,A23,Registro!$E$5:$E$304))
... A27: 16 | B27: =COUNTIF(Registro!$G$5:$G$304,A27) -> 0 | C27: =IF(B27=0,"",AVERAGEIF(Registro!$G$5:$G$304,A27,Registro!$C$5:$C$304)) | D27: =IF(B27=0,"",_xlfn.MAXIFS(Registro!$C$5:$C$304,Registro!$G$5:$G$304,A27,Registro!$E$5:$E$304,"<=1")) | E27: =IF(B27=0,"",COUNTIFS(Registro!$G$5:$G$304,A27,Registro!$E$5:$E$304,"<=1")/B27) | F27: =IF(B27=0,"",AVERAGEIF(Registro!$G$5:$G$304,A27,Registro!$E$5:$E$304))
A28: A escada está funcionando quando o degrau médio da semana sobe, mesmo com recuos no meio.

Sheet Camada 1
A1: Camada 1: os sinais de saída
A2: Primeiro o Teste da Chave. Depois, uma linha por dia de treino dos sinais.
A4: Teste da Chave | B4: Horário | C4: Nota (0 a 3)
A5: Tentativa 1
A6: Tentativa 2
A7: Tentativa 3
A8: Tentativa 4
A9: Tentativa 5
A10: Nota média | C10: =IF(COUNT(C5:C9)=0,"",AVERAGE(C5:C9))
A11: =IF(C5="","",IF(C5>=2,"O gatilho está nos sinais de saída: comece pela Camada 1."&IF(AND(C9<>"",C9<C5)," A nota caiu até a 5ª tentativa: ótimo sinal.",""),"Os sinais pesam pouco: siga a Camada 1 e já comece a Escada."))
A13: Data | B13: Exercício | C13: Repetições | D13: Nota média do dia (0 a 3) | E13: Pode avançar?
E14: =IF(D14="","","Ainda não: repita este exercício")
E15: =IF(D15="","","Ainda não: repita este exercício")
E16: =IF(D16="","",IF(AND(B16=B15,B16=B14,D16<=1,D15<=1,D14<=1,D15<>"",D14<>""),"Sim, passe para o próximo exercício","Ainda não: repita este exercício"))
E17: =IF(D17="","",IF(AND(B17=B16,B17=B15,D17<=1,D16<=1,D15<=1,D16<>"",D15<>""),"Sim, passe para o próximo exercício","Ainda não: repita este exercício"))
E18: =IF(D18="","",IF(AND(B18=B17,B18=B16,D18<=1,D17<=1,D16<=1,D17<>"",D16<>""),"Sim, passe para o próximo exercício","Ainda não: repita este exercício"))
E19: =IF(D19="","",IF(AND(B19=B18,B19=B17,D19<=1,D18<=1,D17<=1,D18<>"",D17<>""),"Sim, passe para o próximo exercício","Ainda não: repita este exercício"))
E20: =IF(D20="","",IF(AND(B20=B19,B20=B18,D20<=1,D19<=1,D18<=1,D19<>"",D18<>""),"Sim, passe para o próximo exercício","Ainda não: repita este exercício"))
E21: =IF(D21="","",IF(AND(B21=B20,B21=B19,D21<=1,D20<=1,D19<=1,D20<>"",D19<>""),"Sim, passe para o próximo exercício","Ainda não: repita este exercício"))
E22: =IF(D22="","",IF(AND(B22=B21,B22=B20,D22<=1,D21<=1,D20<=1,D21<>"",D20<>""),"Sim, passe para o próximo exercício","Ainda não: repita este exercício"))
E23: =IF(D23="","",IF(AND(B23=B22,B23=B21,D23<=1,D22<=1,D21<=1,D22<>"",D21<>""),"Sim, passe para o próximo exercício","Ainda não: repita este exercício"))
E24: =IF(D24="","",IF(AND(B24=B23,B24=B22,D24<=1,D23<=1,D22<=1,D23<>"",D22<>""),"Sim, passe para o próximo exercício","Ainda não: repita este exercício"))
E25: =IF(D25="","",IF(AND(B25=B24,B25=B23,D25<=1,D24<=1,D23<=1,D24<>"",D23<>""),"Sim, passe para o próximo exercício","Ainda não: repita este exercício"))
E26: =IF(D26="","",IF(AND(B26=B25,B26=B24,D26<=1,D25<=1,D24<=1,D25<>"",D24<>""),"Sim, passe para o próximo exercício","Ainda não: repita este exercício"))
E27: =IF(D27="","",IF(AND(B27=B26,B27=B25,D27<=1,D26<=1,D25<=1,D26<>"",D25<>""),"Sim, passe para o próximo exercício","Ainda não: repita este exercício"))
... E73: =IF(D73="","",IF(AND(B73=B72,B73=B71,D73<=1,D72<=1,D71<=1,D72<>"",D71<>""),"Sim, passe para o próximo exercício","Ainda não: repita este exercício"))

Sheet Degraus
A1: Os 20 degraus
A2: Referência do guia Volto Já, capítulo 6. Não precisa editar.
A4: Degrau | B4: Tempo fora | C4: Segundos | D4: Fase
A5: 1 | B5: 5 segundos | C5: 5 | D5: Segundos
A6: 2 | B6: 10 segundos | C6: 10 | D6: Segundos
A7: 3 | B7: 20 segundos | C7: 20 | D7: Segundos
A8: 4 | B8: 30 segundos | C8: 30 | D8: Segundos
A9: 5 | B9: 45 segundos | C9: 45 | D9: Segundos
A10: 6 | B10: 1 minuto | C10: 60 | D10: Segundos
A11: 7 | B11: 1 minuto e meio | C11: 90 | D11: Minutos
A12: 8 | B12: 2 minutos | C12: 120 | D12: Minutos
A13: 9 | B13: 3 minutos | C13: 180 | D13: Minutos
A14: 10 | B14: 4 minutos | C14: 240 | D14: Minutos
A15: 11 | B15: 5 minutos | C15: 300 | D15: Minutos
A16: 12 | B16: 7 minutos | C16: 420 | D16: Minutos
... A24: 20 | B24: 2 horas | C24: 7200 | D24: Horas
